number,value,params_split
0,0.856768786907196,4
2,0.8630794286727905,6
1,0.8656629920005798,10
4,0.8663300275802612,13
3,0.867156982421875,14
