Test Params,Subset Accuracy,Hamming Loss,Accuracy (Exp),Precision (Exp),Recall (Exp),F1 Score (Exp),One Error,Coverage,Ranking Loss,Average Precision,Accuracy (Micro),Accuracy (Macro),Precision (Micro),Precision (Macro),Recall (Micro),Recall (Macro),F1 Score (Micro),F1 Score (Macro),AUC (Micro),AUC (Macro)
"[0.2831672903498233, 0.26737313271716306, 0.23089049063663802]",0.4021262228488922,0.13238739967346191,tensor(0.8364),"tensor(0.9996, dtype=torch.float64)",tensor(0.9880),0.9086031913757324,0.06919868218290026,6.2625732421875,0.0887204110622406,0.9277787804603577,0.8676126003265381,0.8676126003265381,0.88702791929245,0.8719648122787476,0.964596688747406,0.9499579668045044,0.9241875410079956,0.9086031913757324,0.8635391592979431,0.7763399481773376
