Test Params,Subset Accuracy,Hamming Loss,Accuracy (Exp),Precision (Exp),Recall (Exp),F1 Score (Exp),One Error,Coverage,Ranking Loss,Average Precision,Accuracy (Micro),Accuracy (Macro),Precision (Micro),Precision (Macro),Recall (Micro),Recall (Macro),F1 Score (Micro),F1 Score (Macro),AUC (Micro),AUC (Macro)
"[0.29748295149940013, 0.23118793026803292, 0.28858336870989054]",0.40771326422691345,0.12984032928943634,tensor(0.8364),"tensor(0.9996, dtype=torch.float64)",tensor(0.9918),0.9104433059692383,0.06980976672511822,6.262722015380859,0.08865370601415634,0.9290236234664917,0.8701596856117249,0.8701596260070801,0.8881865739822388,0.8727478981018066,0.9664570689201355,0.9523091912269592,0.9256702065467834,0.9104433059692383,0.8639153838157654,0.7821172475814819
