Test Params,Subset Accuracy,Hamming Loss,Accuracy (Exp),Precision (Exp),Recall (Exp),F1 Score (Exp),One Error,Coverage,Ranking Loss,Average Precision,Accuracy (Micro),Accuracy (Macro),Precision (Micro),Precision (Macro),Recall (Micro),Recall (Macro),F1 Score (Micro),F1 Score (Macro),AUC (Micro),AUC (Macro)
"[0.302530576457759, 0.22575559839229195, 0.2603549059182288]",0.39653918147087097,0.13366468250751495,tensor(0.8364),"tensor(0.9996, dtype=torch.float64)",tensor(1.0031),0.9042264223098755,0.06922525107604018,6.267258167266846,0.08952780812978745,0.9273491501808167,0.8663353323936462,0.8663352727890015,0.8938373923301697,0.8772424459457397,0.953463077545166,0.9342185258865356,0.9226879477500916,0.9042264223098755,0.8617234826087952,0.7750148177146912
