Test Params,Subset Accuracy,Hamming Loss,Accuracy (Exp),Precision (Exp),Recall (Exp),F1 Score (Exp),One Error,Coverage,Ranking Loss,Average Precision,Accuracy (Micro),Accuracy (Macro),Precision (Micro),Precision (Macro),Recall (Micro),Recall (Macro),F1 Score (Micro),F1 Score (Macro),AUC (Micro),AUC (Macro)
"[0.357353702091831, 0.05149992294239014, 0.47360242290897925]",0.39980560541152954,0.13340696692466736,tensor(0.8364),"tensor(0.9996, dtype=torch.float64)",tensor(1.0027),0.9049755334854126,0.06957064668685903,6.263615131378174,0.08893729746341705,0.9277504086494446,0.8665930032730103,0.8665930032730103,0.8924862146377563,0.8754607439041138,0.9556494355201721,0.9370896816253662,0.9229884743690491,0.9049755334854126,0.8647347092628479,0.7777073979377747
