Test Params,Subset Accuracy,Hamming Loss,Accuracy (Exp),Precision (Exp),Recall (Exp),F1 Score (Exp),One Error,Coverage,Ranking Loss,Average Precision,Accuracy (Micro),Accuracy (Macro),Precision (Micro),Precision (Macro),Recall (Micro),Recall (Macro),F1 Score (Micro),F1 Score (Macro),AUC (Micro),AUC (Macro)
"[0.4149914803121568, 0.19114172034429927, 0.40901225412846326]",0.39026033878326416,0.13626553118228912,tensor(0.8364),"tensor(0.9996, dtype=torch.float64)",tensor(0.9823),0.9063625335693359,0.0695175089005792,6.273746967315674,0.09050482511520386,0.9250374436378479,0.8637344837188721,0.8637344837188721,0.8828672170639038,0.8673149347305298,0.9651604890823364,0.9505301713943481,0.9221816062927246,0.9063625335693359,0.8619734644889832,0.7732353210449219
