Model,Subset Accuracy,Hamming Loss,Accuracy(exp),Precision(exp),Recall(exp),F1-Score(exp),One error,Coverage,Rangking Loss,Average precision,Accuracy(micro),Accuracy (macro),Precision(micro),Precision(macro),Recall (micro),Recall (macro),F1-Score (micro),F1-Score (macro),AUC (micro),AUC (macro)
BR-ann,0.4163541942834854,0.12694719433784485,0.8620816357546708,0.9621046062493013,0.8908687766168255,0.9113584995269776,0.07269504544310995,6.598789930343628,0.3212140589952469,0.8707362949848175,0.8730527937412262,0.8730528116226196,0.893548333644867,0.8785226762294769,0.9629871606826782,0.947747677564621,0.9269628047943115,0.9113584995269776,0.6878949344158173,0.5569119155406952
BR-rf,0.37304767668247224,0.13826437890529633,0.8499114794708833,0.9472366342860894,0.891287419447538,0.9007788300514221,0.07275341231136823,6.610611009597778,0.3194119453430176,0.8664115488529205,0.8617356240749359,0.861735600233078,0.8936321616172791,0.875507402420044,0.9475002467632294,0.927811723947525,0.9197780132293701,0.9007788300514221,0.6851442933082581,0.5547413945198059
BR-dt,0.22697439640760422,0.20228849351406097,0.7778331688965748,0.8621381913557622,0.8835810521902097,0.8537977635860443,0.07574256067828176,6.76450548171997,0.351152178645134,0.8561120212078095,0.7977115035057067,0.7977114796638489,0.8884639382362366,0.8644909739494324,0.8670323491096497,0.8433947563171387,0.8776171386241913,0.8537977635860443,0.6549770653247833,0.5647692799568176
BR-knn,0.3570833593606949,0.1450037732720375,0.8426602992734414,0.9409718232383559,0.8884779093021823,0.8961457669734955,0.07295078709173095,6.646088933944702,0.33176914751529696,0.8634871423244477,0.8549962282180786,0.8549962222576142,0.8908290505409241,0.8717651963233948,0.94212104678154,0.9220722913742065,0.9157572448253631,0.8961457669734955,0.6756033182144165,0.5556386828422546
